"aa","abundance"
"A",0.0470718
"C",0.0509102
"D",0.0742143
"E",0.0478596
"F",0.0250216
"G",0.0333036
"H",0.0545874
"I",0.0763734
"K",0.0199642
"L",0.0671336
"M",0.0714981
"N",0.0567845
"P",0.0181507
"Q",0.0304961
"R",0.0506561
"S",0.0884091
"T",0.0743386
"V",0.0185237
"W",0.0314741
"Y",0.0632292
